Use UmbrellaBlog
go

IF EXISTS(SELECT * FROM INFORMATION_SCHEMA.ROUTINES
	WHERE ROUTINE_NAME = 'DbReset')
		DROP PROCEDURE DbReset
GO

CREATE PROCEDURE DbReset AS
BEGIN

	DELETE FROM PostsTags;
	DELETE FROM Posts;
	DELETE FROM Categories;
	DELETE FROM Tags;		
	DELETE FROM AspNetUsers WHERE Id = '00000000-0000-0000-0000-000000000000';

	INSERT INTO AspNetUsers(Id, EmailConfirmed, PhoneNumberConfirmed, Email, TwoFactorEnabled, LockoutEnabled, AccessFailedCount, UserName)
	VALUES('00000000-0000-0000-0000-000000000000', 0, 0, 'TEST@TEST.COM', 0, 0, 0, 'TEST')

	DBCC CHECKIDENT ('Posts', RESEED, 1)
	DBCC CHECKIDENT ('Tags', RESEED, 1)
	DBCC CHECKIDENT ('Categories', RESEED, 1)
	DBCC CHECKIDENT ('PostsTags', RESEED, 1)

SET IDENTITY_INSERT Categories ON;
	INSERT INTO Categories(CategoryId, CategoryName)
	VALUES (1, 'None Selected'),
		(2, 'Awards'),
	(3, 'News'),
	(4, 'Outbreaks');

	SET IDENTITY_INSERT Categories OFF;

SET IDENTITY_INSERT Tags ON;
	INSERT INTO Tags(TagId, TagText)
	VALUES (1, '#CravingBrains'),
	(2, '#MedicalEmergency'),
	(3, '#BiologicalExperimentation');
	SET IDENTITY_INSERT Tags OFF;

	SET IDENTITY_INSERT Posts ON;
	INSERT INTO Posts(PostId, PostTitle, PostText, Approved, PostDate, ExpirationDate, CategoryId, UserId)
	VALUES 
	
	(1, 'Our Recent Awards', '<!DOCTYPE html>
<html>
<head>
</head>
<body>
<p><img class="imgdisplay" style="display: block; margin-left: auto; margin-right: auto;" src="http://www.rtpi.org.uk/media/2283716/research_awards_logo_2017_498x340.jpg" alt="" width="498" height="340" /></p>
<p><img class="imgdisplay" style="display: block; margin-left: auto; margin-right: auto;" src="http://www.sc.edu/about/offices_and_divisions/research/_resources/ldp-galleries/.private_ldp/a84672/production/master/54a9810c-496e-4af8-88d8-0387e3f0de54.jpg" alt="" width="1024" height="684" /></p>
<h1>Congratulations to Us</h1>
<p>Please join us in congratulating ourselves on being amazing.&nbsp; We have received an award from RTPI for Research Excellence.&nbsp; It is about time we were recognized for our amazing life changing work here at Umbrella Co.&nbsp; Rest assured we will continue being excellent in every way.</p>
<p>&nbsp;</p>
</body>
</html>', 1, '2008-08-08 11:11:11.6730000', '2020-08-08 11:11:11.6730000', 1, '00000000-0000-0000-0000-000000000000'),
	
	
	(2, 'Zipping DNA News', '<!DOCTYPE html>
<html>
<head>
</head>
<body>
<p><img class="imgdisplay" style="display: block; margin-left: auto; margin-right: auto;" src="data:image/jpeg;base64,/9j/4AAQSkZJRgABAQAAAQABAAD/2wCEAAkGBxISEhUQEhMVFhUVFhYVFxUVGBkVFRYYGBgYFhYVGBcYHSggGBomHRcXITEhJSkrLi4uFx8zODMsNygtLisBCgoKDg0OGxAQGy8lICUtLS0tLS0vLS0tLS0tLS0vLS0tLS0tLS0tLS0tLy0tLS0tLS0tLS0tLS0tLS0tLS0tLf/AABEIAKgBLAMBEQACEQEDEQH/xAAbAAABBQEBAAAAAAAAAAAAAAADAQIEBQYAB//EAEgQAAIBAgMECAMEBgcHBQEAAAECEQADBBIhBTFBYQYTIlFxgZGhMkLwI1KSwRRyorHR4QczU2KCwvEVY5OUstLTFiRDc+I0/8QAGgEAAgMBAQAAAAAAAAAAAAAAAgMBBAUABv/EADsRAAEEAAQDBgUDAgUEAwAAAAEAAgMRBBIhMUFh8BMiUXGRoTKBscHRFOHxBUIVM0NSgiMkouJiksL/2gAMAwEAAhEDEQA/APEiKtWgThUKEtcFCSpXLq5ckiuRWlFcoK6uUJwolBRBRIUoqQoRVowgKOGqwCKSyE5KazrRCUVasN1/gICngfUU4DqgoRUP1FPabH/qgKPh75QyBMiCCNCDvGmo8aa12ugPoEJFoy4VX7SMFA+IONV8CPjHhry41IYTtp/xCguI3UrB45bc21tZ0cBXLKM7AEHTggkDT37oygkaHTklvbepK0ey+j+GyPiHzlQOypTUHTSf8Q05HXSlPe4PDABZWZiMW891pQsNbv4h+owaTHxOUVbdsd7N+QkngDU4jEMgHf3TIMKD35Tp5q4wvQPDJJxd179z7qzatjiQAvaYxrvEjWKynzzTanb5K0cW1ndiFI1zA7JtAEYSxljewz7tDDsSG9Zrm4N7zr18kP6qc7OQcONmMt7/ANpaUdSQ2TKoIFxNJRtNcp8qa7BPbl5nw5Hku7ae9XX4LLYvY2zH+A3rLA7kK3V/aE+9WD/TnXpX0TW4ydvxAFQL3RC5J/RsRavACQNLbxviG7JPnSDhpYxe3yTxjoz8baVVjcPfs9m9adP1kgHwO4+VQZZBvr8gU5vZv+Aj1UFyDw/ZFIc4Hh7JosfygsPH0FKPWiYFocSGtYKyskZ5uREfEYHsBWzF3MNz6P3WeKfiSfBU+zFJcfnSsGCZFanIDFt7TdhWgQGBHLcfrwrUdq6vELIojded463ku3EG5XdRpwDECvIOFOI5r0TTbQeSHZuZWDdxmI38qmOQxvDhwXObYIU4OA390+6n+Va1tz7d0/QpFEt5j6qvvIUYqeBj+dY8sZjeWHgfBWQQ5tps0tcmNSwpC6uXJa5QnAUVLl0V1KLXRXKUhFcuXCoC5LRKE4VwUJ4owVCepowUBCeDRhCiKaa0hCQjI1WGuby90shEDU0Oby90NJR5e9MBby91CeD4e9GC0eHuoKn7OxLKl4CIZNQZIMkIPMC4SOcU5hbR29+vNKeLIvxU3Y+FHxMF96sRMAF16X91SxUp+ELT7H2W2MudUsLbWDduCeyvACdMxjTzPCk4rEiBviTsFXhirvuP0WwuXrOGQYe0gt2xMZZOvFmOuYnv1/cDkRwvkOc6nrrooHyulNlZfa21WmA26e0NRG+OM66xqNOJBYakUAAsjrrobJkbPFZbau0X+Jg2vEz5cZ9yKvQw5tArsUYJV7sHYr3sLeuoQS1plZNJUm5bKncTrB8Iqri5WRzNjIrXf5Fc59OIrZZLaWybyCcpOsaSee/Qf60cgLm909eqdHNGTqm9GLXW4kW7tx7a7sw3g8N9V43zHOfDgixWVsdtFq327i8Zs64cNeh7ZJdMwDW7in5hO4943j0pIxkb+8R9ilswscjQ5mirTfwF8nPaNljrmtfCNNZU6b+6pMUEhoe+nuEdYmMb2hYbo3bd1i+rWiwBygi7GpgKdJMRO4TNJf8A08k22q664I/1uUG2m03phiAXyIMqqMqrwVRoBrVjFns42tCHAtJtx4qN0fEFnYAgKT6CmYAkNLj4IsYbpo8Vc9HMTnw2p17WngxO/wACKLAvMkTXcz9UnFsyy+iyPSA/+4uH70N6qCfeaw8c0MxDxzWrhv8AKaoGaqlhOpWlg2zhwWkvmdRDAAABSpIIJOrHiN1a+Gc12G73DQKu8ESabIQtdYynLm0hgGCxG4ljoBw17qU+ITSNcW3pRo1tsUQdkBF+SsMRsjDoxU3idx7EMNQDGYxPjAph/psQOrq5JAxMhFhqz7ViBXQuFSuKeBUhClqVy6K5curqXJDXUpTaiiuS1IXJwrlCcKJCiLTAhKIoo2hAURRTRaElGSnszICiAVYaHc/VAURVPP1FOGbn6hASnhTz9RTBm5+oUWFa7N6swrI5nRirgSNDG7vANW2Osab+v3VWZxAsH2V3lM5LSt2jlRcwJkmFE8TRFwa23cN1mgZ3ardlbeDsLhgSW+K4+nac/ETyGgHICsJgfiJDKfl5KZiHHK3YLPYrE3D2ZkHcQd3cfy8/7orTZGwa9ddcVDQFV47a+Hwig9X190yApOW0mWJLNvY7uyvdqRpVbFyTXQFA8Vew0HaWSaA69FWbO6bXmxFtsQLZsCc9lbaZGEMQNQWJmONIhjLrAJDjsb4q8YI2t7o1W72Njv0a+QOqGHxChrbrbUZlYDLyGsafenvpmIi7eK9c7dxZ0I69FROZnDXY2Nws3tnpniMO1yxirFi7ct3FFtgnVZrbBiXBXTUdWRpxPdQOjaxgljJAPC+P7aqz+mjlALdNPD+FA2dtzZl7s3LdzD3WOl1mD2w3DMw1C95I0om4+S7sVxFDbzS34SZo7psdeK2NzCW8VaOAxny/A41dG3LcQ8QRHIiq87Bfax7FIgmMLtNuIXk3SLoziMHca3dXTerr8LrwZT+XDdUNhL2Z2fxyWwydjtirLoNdtILzuYuKv2aneZ0JHhV3BNc5uTnr5Kn/AFAONVss/tnEFrhJ11pOPlt+VW8KwNYFdbONq1hXe4uYNCxJAM79RrV5uWLD27Y7qnJmknpvBO2TjrENbsqVnUgsWPdoT4CmYHsSC2I86XYlkujnqkZbFxj1jurDTsgQQN2prPnihxEpLnlpGnLRXmulY0ZW2Eq4LCASblwnTQZR48KFuCwo1MhPou7XEHZoCHeNgLFtSpOmYsSd8nTdRZcNG05LF8ST9ETe2J7xVcGqgHVdbqzSkIrRupwY8pRIUM1jpyUUQUJwolCWppQloqXJK6uqXJKGuqUppFdSkJYqFyUCppQngUYCEoiijAQFHQU0BLKKq04NtASirbp7WdUgLkZU+op4Z1SWSjpa+oqw2MEfsllycLf1FSGdUozK22XYAGb/AC1YYK/ilRxL70+62HQzCDO+LcDLYEJIgG43HyE+ZFUv6hIXAQjjv5JIdkbaFtTaYu3DIG/fqPr+dPhgMbNClNFKvxF0LltliHulltngGy6HkCco8WFTJIG0VYiYXWeA1KyAU3EayfiUl1kSZHxDzHuBQTRmSMg7jbRaYIY4OGx3+yrsPhmuMEQSxkgRG4Fj7A1lt0N/ZWiQBZW8/o9xgxVltn3D27Wa9hyRvG+7aHn2h4tVp82QidvHR32P29EmeL+4Kd0+2YcZg/0xV+2wkJd0ktaMwfFTJ8CeVJrs3GEnR2o8/wB0OGOXurycj6iqTmgH9lfW46E9JQQuCvtBGmHvHTJ3WXP3DwPDduiGQy5DW446e6oYzC57kbvx5r0EXExVo4W+ALi/CWE5WjTSZI7xpVvI/Du7WPb6hZIJb5Lzjats2LlxWs9VcTsGDmRt3aRiNQa08PMHsL6rmruXNQzWCsf8dzxNYv8AmzrW+Bi1HSDZNwYawqdqczNpx0gVpYuJ8rOzZwWbhZ2CVzncVlrmCuprBHhWb+kxEWoWm2aN+ijnDPMQZ8KT+mmzVWqb2jK3Tkwdw8DRtwkzrUGZg4q1wmzs1oIyOSGZgVYLvCgggqfu9/GtCLA3GGyXoeH7qtJiQ11gq9PRS0gt3GS6EdM7F7iKB2mUqDk0IgGT30TMPC0u12VY4x7hQq+SHtDEbP6wnrTrHwqXAgBYzZQJ04aUs42BujtTyC5seKI2+ixNedWqlFSuTxRtF8FCWpChdRCuiuRb1sACDM/y/iR5VdxOHijYxzDdjXVC0koX1vqnQ6KJIRUHrVSkiopcnAVwCElEVaYAhJRVWmAICUZFprQlkqXaSrjGDopLiji3TwwdFKLk8J9TTA0dFCSiqPqaYOtUBKeqjl61PW6ElXeEtjLw/FVi/BZ8jja2m0QMHg7ViYZh1j6Scza6+AgeVZWHHb4hz+A0CiS7Dfms3gz1jQd53EaTyrUf3BYQHRZfpLis94wdLfYUzHw7z4z+VZs5B/lbGEZlZ5puOu6pil06wdqNwcaOvr2vBhVmGUZA/iNCiDN4z8lDu3Ww95bqAffUNqIYFWUrxGrCqGKZ2UhHA806MiRlHyKDY2u9vEJirYt23RlZRb7KAr/dHA8e+TSmyA212x0OqsBtCrK323OmrMVbDqqYe8qswCjMzQVuI54gEsscQJ4ir+Cwkb4g55zO1HjXl9VQczUt4hefbb2U2HuZWUqrDPbzEiUO703eVUMRDlcSDYvxV6KXO2+PFV4A5etVaHRTLK23RjpGXy2bjDrlhbVwn+sAgdW5++AIVjv3HWJv4WcD/pv2Wbi8LVyMHn+UDprtVrlxg3DsgHhG+r8mWGHKPNBg49bVD0ewfWXBqJnSe+qv9OhGYyeCt4yTK2lK2rt6+t91tXmVUOQAN2Tl7JMHTUzVfFYpwmIaugwzOyGYWTqu/wDVOKb4upeBHbtrMeIArmYuYbEep/Kk4OHwIT26UXSZbD4U6zAVgNfB91OGKxNUK9VH6OLgShDpJd1jDYfXk8+Px76k4jGk6NHqi/SQ8XFDudIMYRCm2gmeyqg/iIJ96Etxz/AfP8ohh8O3xKFto3LgsG7dzfZT2nJ16y5woJMDmoyvA8dd0ULg3MGN4+HIKAFtDTQ/4jXCLBt0JB/5JtylQwKw01cakKVLs9Yg+DRu9ZkQRp5NWthhicONI7DuV6fLz61S3ZTxQ7qQdJjfrv8AA0nFYfsn6CgdQNLHI+S4GwmgUinKVO2haISySpGZJGkTzHfWnjbMUVeGv7pbDq7zUOPGs+ndUjRb+EdApYQGEjdrop/cwpsuGfGAXcULXg3SDlqvlKK09VqQ0obRFSmtaUBKMq0xrSlkoyJTmtIQEqbhCBvE1egIbuFXk12R1Xx9BTQClEp+Q8/QUYBUWE4A8/QV2vQUaJ9qZ4+gqRaF2yv+jiG5ibVogwzgtoPhXtN7A0GIkyROPJVXMG5Vn052ybt4qPhBio/p2HEcYJ3KgHtHFxQdjWC6XGQdtUZgO8gaRzmKPFPy0DsUo1m1WDuTz9BVRwJ8fQLaFKTs5pD2T83bSeDgajzX3RaLCnLJR2KiXg8cPoh4iyWtEfNbJYd5B+Ia+vlTcXEXR3xH0XRvDX8iqeDz9BWP3uqV2wtn/Rilu9fODvgw4a5aMCUuqNY78yiPFRTmzSxRl7PmOSTMxriHbLRdK9jDEYdkX+ssEtazAB2Gme3EnfEjmoqww97XZ29ageBVSOTI/kV5xisDbFgXrbXD2xbZXRVglC0qQxkacYqtNCWOo/QK+15zZTW1qLgMMXuAawO02g0A1NdhYjJKAbrfgpmkDGEqRtm8XbWZ7/41o43v9wJOFblFq72LhDZw93Ff2ayDpqzaKI8SKOxh4cp1J1VWV3bTBnNZW2AwVQG6xmAzGI1MAR48axWt7Sm65idytQnLZ4AKZidh3UE5lIIkHidO6JHH0q7/AIXKT3XeyQzFxuNUls9H75YKWVZYrMzqJmIGsQaFuBkB1fpyRHFx1oLRLfRrFMYVl1AI1IkHdvHieUaxUdjiQNHqP1cG5CrsTs++rtbkMUIBKsI1AIgmOBqm9uKzFtk15fdWmPjc0OHFM2qCOqU71tAESDHbc8PEetJxBc3KHeCmIDvHn9goGtV7KbonTSwhXUQXKTZUuCS4GXvJ7idPStPDiXEAl0lBvje1cvJA6hwTxiBPwhl0ENv045hqD9a0UmND3VQc0UBe+nG/FRlR3RFVbignNMB9ykb/ANb28KcY4YohOwXmOl8Pygsk0UNcSfm7QO8NJ8x3HwpLcW4k9pTgdwb9vD5Kco4KTca0iLkXt6MGYSIOaZExIgQY1k91W3uggYDGO8dRYuggGYnXZQmadSZ8Zqg97pDb3X6o0oWgoclFoirRBoQEoqrTGtHVoCUZV8PenBo5JZKKFHL3pgaOrQ2i245e9Obl5JblKSOXvT21y90kp+nL3o9OrQpDHL3oSRy91IXWyOXvUNIvh7rnArV9BCFN/E6fZ28qx95/HkD60jEDtMrPE/RVMSS0AddbqjxOLNy6ZM661rMpvdCNseWO1u+jeDHVF1JBMHwj8qycZKe0DSqDzqsH0u2cLOJYAALcHWLv3NvHkwYUDHAjX7rXw8meMH5KkDZWDCJUgjfvGooXADXT3Vka6FWl1xK3QAQYJHCOK8gNRWs13aMBHHRVWgi2HgqTH4UJcZREb136qdV/h4g1gyxBjy00r8cmZocg27pRgytlYGQwkEHkamF4Y/h7pm4Xpx2mcXbTHqQGHZu8AtxRrp3NoR+tyrRw7WsuHccOYP42WdI0h5aVh+luDRLnWWv6q72gNQFf51jxMjkeVLxcRMfeqxvv8irmGeXCjuFH2ehtW+s0m5u/VH8f4UzAxiKLtDufolzu7R+Tw+qZhcJ1twRHgaY2Jr35vDgpfKY2K46bEWLVrBgjMYu3OPJAY8z6VRx04foD9dkvAMtxkPkFjfT3rM0B0r3WolNwnj7mjMr/APd7uXUPBI11tBJ7O7fpQOmca723mpoeCQ3m+83HieO/jxgelLMr/wDd7ldlHgo95pMkyTxOpPrSHGzZTG6DRMoKCJcDUrkSoCBLRLkoFGFCcKMIVOuH7G2ObVryu/7GPzPFKHxlR6oD5+qJTMTh3CoxVoyLrw1Jir88T8jH0aAA3S2uFkc07D4xkAUC2R/et2nP4mQk+tJbIQKH1XEA9FHG0rn3bP8AwbH/AGUXaHooMo6tFTadz7tn/gWP+ypDz0UBaOrR7e07n3bP/Bsf9lNB6tAWjq1Y7NbF3zFmwlyN+TD2WA8W6uF8zXOe1o7x90sgDcrSYbovtAxnGCtT9+3ZJHIhLRE+dJ/UsOwcfmVWfNC3+5WdzoXdezcW5ewwabZRktLbjUyCyoCQd3lXDF04UHceKWJ49XDh91St0ExEEpdsvG+LhH71irIxbdiHBCMUw7qBiei2NTXqGcd9t1uD9kz7UwYph0v1NfVGJozxVZjMHetAG7buW827P2Z8JpofYsG/+SaKJoKGbnj+IUGc9FMy2tds2/1OzSwMNeuEnj2V7I/OpiZnmDjwCoTDPNl8Fn9lEPc14neKvCSwSE6cZWaLY9G9rBce2ELfZsmRSD86jNp3SJHkKyMXq261GqruguEP6pO/pA2bNnMJzWGkcJtvAfxghT+Kkwyag+P1XYKTK7IeP1XnLef4hVs2f5WoFY4Cy+UWnRgHBuWifmHwvl7x2eH3TTcK/KS1x352lTUCHjhoVFx1otaLfNZMHWJRjv8AJj+2aHHMcAHj56+ibCQHVwP1ULZWItrcJu5srJcQlcrFS6MoYKSJgkHfWY15vU+6svaa7vitP0NuYZeuU4i71RCBgyKBLOEt3J6wwQXM8iavRyuc1oYLI8T6jbjSrYhryAaUjalqytl8I+diLgcsVCi2QMuVSGOY7xw0mtEMfO4SGgCKq9+Z2pJje4EPCzV+4SY+Xv7u6ikd3q4JrG0L4rQ9GdlqAb7uAlsG45JAOUamB38BSZpBAzLxKqTSOe7KAsZtbHtiL1y+0guxMZh2RuVfIQPKsNziT/7BbEUYjYGjhyUMr9TQG+f/ANky03d/rSya8fVShsaWT1aMBNpZKlCuUso2odLtElqbXI1SlrqILkS2skAbyQB50xjS4ho3KElSBgbkkZDpWh/huKBrJ9EHaN8UQW7lsdpTlJ1DDsn+dMDcRhh32908DsevFCS12xUq9ZFoI6r8YkEwwXQEgd5Ejfu96sStjgaHsbq7a9cvXApYdmseCTCYx0J+YH4lbUHv86CHFTNOuoO6hzQU/EsjAZEy750HcNOeoJ86ZiHxvrI2vkhFjcoOX6iq+U+HsptSMFhLl11tW0LuxhVC6k/XGu2Fn6IXOAFkr0jYnQexh16zGFbtzf1K6W049o6Zz+yJ4jWl53yHKzQeNLLnx3CNW2O6RBFCW4QLoFUBVHILEQR3xu4jWrEWBvfrrqlTt79XG1n8X0kclgCdQNZjuI+iK0I8G3TRMEHFMwmOvNhr8SYNogRMSxkQPrWukhY2Vnz+iaI262ql9oX1JYSJmYBGtWCxtbWpELCuwu3sRmS2hOYnKADEkx3UhwjO7VLsLGASVf4/pLiLU2sYEYj/AOK6oYFSNGBH76Q3DYZwzRmuYKWI3P1YSqo3tm317Vo2LhMA2zK+OUyK4wOvukHz3TP+4j5hSumeSzat4VNVtoBmiCeMkedMwg7rpHceCDD2+TMVU9E7KtcJJiBm13aU2w2OxxTMWSKCpv05lvdes5g+cHLxBka1nSHM4/hXmxjJkPgvZsVdt37KYjfbu2+0OOVhDg89T5iqMV2WceqWI9pik8l49tDCNZuvZbejFZyjWNx8CIPnWkw5m39lsNcHAOH1QFxDqyPJOQiJHDivIHX1oXE2D9keUEEeKtdpLbS4rjW1dXUd6uNQR3jXzHKr2ZsjO9x0VePMQW8W/ZZjF2DbdkPA78o1G9W8wQfOsJ7CxxafotNjw5ocFcdG9nves4sDsrkshrjLCr9sp17zA3U3DF3aAN38kuaQR5XHmpW1sbm+zUkhIAJ+Jsoy5m5kCt68rSB8XH9lTY2zmKZsvBF2AAJJ3AD0rmgNGZyGaShopnTnGrZUbPtHMwIbEOBoWjs2v8O8847qxMRiXSuvh5Xp+6bgYP8AVd8vysaPD9mkDrurQTj9aVB60ChBufWlJdfQRtQTST1ojTTSypQ2oSjCYaAol1QuR4o0pcKlcnL30xpINhQUcX3gDMdCTvO87/3Vd/XYk/3lAWt8E43GIgkkczUPxEsjae6+O6GgNlIuLonNZ38ZI/IelWJh3Wa/2+KXe65RQtA5eqEoiAcvU05oBNWPUoSVJsYJrrratLmdyFVQd5opg1ovT1KHNQsr0/ZeAt7Lt5RlbEOB1lwiR+oh4KPff3ClQwdvrwWRiJ3SuI4Kmx22GYyCY7j9fXjJrXjwwaEtsYQ8Hsu7eJIHZ3liYgcyd2/j/OplnjiGpRZwNBujpsK1duCxYxFu5dgnIkkQBJAuDsg8p30puPytzuacvj58t01vaDUtWv2Therwd3rLAfq8vZV0zMqsc0kmOzrWZiJM+IblfV3wP44oI484eTy+qpcftTBKoa7h7yK8gMDacd5HZfQ6injt2n4xp5/hCIHbNKrVwuAv3E/Rb8XB8Nt1ZSxGsDSJ86a3Fvb/AJovmDsiLZmtIcNFoOmGxP07C27yD7W3oQN5Vt48j+81Swr2RzGN/wAJ4+H8hRh5sjbXn2F2BcF+0jqRLAkHTQGT7CtMxtAztOgVp2Ka5hpE6XYwXLxjQd1Ma3LGGEocI2hanbFQ4fDXMUMpygAA95IGoqJy0VGfNKkuWUNUVto4K+FFzDhX+Z7RNvfyGntSOxY86O9U3JiI/hOi3PRFsMcO+Ds3XdVzOueAwDfEARvAYk/4qoTwvhc2Qj7qpiHPebeKKxu1dl3MTePVlOsRQjq7hGbLorLPxaQD4Dvq9K3IA4DQ68VYhmbGynXXBRLvQrH/ANhPhcQ/5qqulYRuPdWG4uL/AHey6/sDE2sOVxCBAGm321cmfiEKTAnjzNWcI4PBj+aEzxmUOYb4FUuEW25Vr6M2UBQAxUOBMZiNdJjSNByrv0zZjb9D9Vbc5zBTD+yv7WPZ8NibaqERVt5baDKqg3lmI4895pvZtjcwMHj9Cq2TvhzjarMDs53IhSTpqNfOrQaB3nKZJQFpNqY63sq0CAGxlxZQHdaU/wDyMO+dw4kd1Y2Nx3aHI06fVDhsOZzmd8I915mGzNLNJYyWJJJJOrHvPGqUYD3gE7nxK2TpsrF8FZUkG+uncCSd2mmnf6VrHC4Vpp0nvt15JGd5/tQMRbthZW5mMxEEec1WxMWHa24n3ytS3MTqFHxaABSOIn2H5yPKk4uCOOKNzTq4Xv5a+uiYzcqIazjSauNCuTGFQiBTDQFEkqNFKkRTKSkoFSAoKeFowENp6rRgISUayYIMTHA7qs4eTs3h9XXigdqKU18WCpXq0E8QNR4VoyY0Sty5K68knJRu0AedVR8/ZEnZvH2osx5+yil6R0S2auEw5xd0xfvL9mGH9XbPH9Zt/hHOiYx0r8u4G/4WTi5s7sjdh7qpxW0XYmYgnd+fj9d1bbIg1LbGKXYW5bRwbomSIUGJ8TwEVEl1TSoLXOBy7BRdr7avXmNtpt21JAs29EEHj988z5RWbFFTrNk+OnQVxkbGN7vqmbNxj2Wz25DQQDppuMjnpV1sbZBlft8kDtV61szGIyJcRPssQuZhvhjpct+EyP8AWsGaNzXFrj3mH24FVXAxu7u3VheXdJ8E+GuPgzORbhuIeLKyjKfQDzmtgSCeNsw3Io+Y3V1raNlUdu8yMtxSQyMGU6aFTIPqKQ4WKN+ydQIpe5bHxKXra3EEW76SddVzCHUEbiDI8qxpLG+4WYG9jIW8PssBgto4qzib+FxNxri2VZczgZyNOrYNv1BB8608OwSi2itk/ExRhoc3crJbQPWXez31qPbmcAOCfD3I9VsruwbjYBbYMM7hssiSBO4TJ1Iqq+ZjpiCdAN1RbKGy51lsZ0bxFpyGQ6TuGmlFGxr9WO0V1uLYQh7JxV7C3RdSZUwQfhII1U7tKJ0L3NLXajrZFJ2craXYvF3HvG9GUnWBPj50YDw4AbDRC2Ngjy7qVb2tfA+JvemZGkahKMEdp1/GXrhKmd0Ab+fGPo1IaG7aLmxsbqmWNku4MCCDx5jfwjXvjxoHPA3R9sAtZ0f6MsUvdkHOqAgzAIuKSDp9c6o4jFsa5p8/oUl0hcDXBVm2uk2FwGZMLF7E7i+htWT+sP6xh3bp3nSDQxGMkl04K3h8C5/el0HgvNMXibl12u3WZ3cyzMZJPOqgsLWAAFBD9am/NcpuPwyqlt1DgOuuYaSAAYMAEEyRyq5iYmsa1zL13KBjiSQVBJqjZOiYpu0rTC3ZJ+7rqDB7mA+E8jWlj2HsYtD3RR5FBGdXKuiskAk0LJTUbEWQoUhpJ+IaAqREjw138qtYrDsha2nWTuPDbRC0k2ozVSKYEw1CJJQqVKAptJFp6rRhqElEC0wNQEpwSiyqLRFFNAQFLU6Lkhb6ip06Cmle9C9lriMSOsE2rQ6y5pvA+FfM+00bG3tXoq+Ll7OPTc6K76Tba664YDdw13chwArbhjETQ3is2GH+5Q8Jb7JLnRRmn8hzNPc4MbZUu7zqaot+71ydYBDIYIH3TOQ/kfAd9VmS5wRxGoTw3szXA/VJfUMi3tJ+FxEnT4W8xp/h50Erdc1brmmiWeil7IwYvMyaTkZlG6WA0Gtc5+UXz8ClvOXUrc/0d4gxewFzRh9pbHcRHWKDu1EHTuNU/wCqM+DEDyP2U5RI0gb7j7p39J+zlbD2sSxUXrZ6thIJNs7mga6H/qpP9NlIc6P+06jzRt+AWdfsvK7scvSrTwL/AGT2r0b+ivakpcwrH4D1tvT5W0cDwaD/AIjVDExUQ7x0VLHMunBTP6QFtKesGlx0VSeBVCSs89T7Vc/pTXa+Crh7n03gF5ts2w1y9CideFaLdHl52WhK4NjVr09ulbtmxP8AU2l75DMcx9orKfJZzDiSfsgwLbYSeJUTA9LsZaEC8XX7t1esH7WvvQkA7/Qj6Jr8LE7cKzt9M7VwAYnCI0fNZLWz3fCZHHvo2yPZ8Lj89Uh2Br4CpS7Y2Vcy5hetxEhkzDTmpn2pgxUwvilfpZxsfdS7L7Lgj9JA1B1t3AfddBXOxk2+VAYZwUd9pbJSJvsSOCW7jAx+sv50h2Kn106+SluFncomL6e4K2D1GGuXG/3pCIPCMzRu7Om6q7nSu3NKzHgD/cVn9odMMVicPiVZlt2wlsC3ZBRYN1QZJJZtNNTHKlhl76+avRwsic0NG9/RYkleVKLeXsruqTMOVRlXUVY7NwasDeuaWl/bP3R+fpx0u4XDtP8A1JPhCU9xHdG6Ze2m7OziADplgFSBuBXcfqIoZcc9z7G3hyUtjaBSdfKqi3bahSxIOpMR9yfh8yTzpz3CKBs8bQC4keXl4LhZJaSoNu4QZHHfOoPj31QjxMkbi4Hfe9QfNMIBRbzhYyDKWWSZkjUiF7hp486tzTCEAwtDS4WTudeA8EI13KFcAjnWe6sqkXajkUkpoTDQqUlQiVhlq2AOiqlp6rRgdWhJRVWnNb1aAlKBRAdWoXVJ61XJrH6mhJ6tEEMn6mgJPRRBbnAsMHgACsXMR9ozZtQvyLHhr51r4WKu87h9VkTkzz0Nhos3hpd++nsuR9hWpKY1T9s34Isr8oBfWO1wHkPcml4qYudlH1ScNHpnPHZRcDiMjhjqplWE71O/zGh8qRG4tcD906RuZtKfYARyrH7N9CR3HUMO/ga0nNzA1sdQqzjbb4hDKFSUbeDB7Xv4Uhpr+VJoix9FN2TtJ8PdS9bOqMDGbeOK+BEjzqZGiWN0btjzQjQ2N/JabCbJe/cbX7K7r1h+YMJ9YIPLWkyYiNkQ8RwHBUxY8wsRtXAtYuvZf4kYqe1vjcRyIg+dQ8Zmh7djzWmxwcLXbF2q2GxFu+Dordrtb0PZcehPnFVZDnGU/VG+MPYWrVdPMULryrTAH8iPGtDBROZFVarNw4p2qgdBsIzYhd41nSpnJZA4uTsU4HQKh6R47r8XfvTo1xo7Xyjsr7AVl1WnhzV6FuWNoVcW+s1dfVplLiD9NUGx/K4UuVvrNUh3VrqTs/1mo83VqMqax+s1CT1akDqkF/rWkk9WmBPwuNuWiWtXGQkQSrxI3wY5gUBK4tDtx7Ij7cxX9vd/GaEyOHFEI2eHsh/7bxP9vc/GaDtn+KLsmeCct1r69WzE3ASUJPxSSSh5kkkHvJHERYa8zM7MnXhz80OjDY24qsymYgzujjPdHfVLK68tapynYuyy2UUjUFiRIJWdwYD4TyNaWIY4YNjCNQTfK73S2uBeSFDs2SxhRJrPhgkmdlYLKMuA1KNjcOVyzBhYJBkAydD3GrmOw74wziAKJG1oWOBtRQhOg1qhHE+R2Vgspl0lxFnLHaBkcOHI0zF4bsCO9d+HBS11qOwqkUYTIqNUSsgKvAdUqieBRgIU8UYtClmp62XJCagnqlyGfrShvqkYUzYeC67EW7RBylpbT5Rq3sKZAzO8D7Jc8nZxlyuelu0BduQuijQDfA3Ae1a8wDIwwnVUsJHQzFG6MYLthjuGpO/SmsYWMviUrFSX3VV7Uwj2brJckmc2bLowO5h4/vms113r9Arcbg9gLUDN4/hFFfVKaVlhGNxMvzINJ07P8t3pV/CvDm5Tw2VeQZHZuBRr5zoHHxL2H0B0+Vv8vpUzCnZhxS2jKS35hDXz/CKluv8ACgr0z+j7aZfCvh9M9k5gWUf1Tb4nuYn8QrK/qUGWVsnB2nzH5CF57mlX9v5VL0/wom3jLUMRFu5KKwkA5GKtIOkjXuFWcESWOhd5j7hBA4atKx2Iy4i/agAStsXMqKilgO2YUADyoWxHPX2/KuAmOMnzrX0UvbRzOY3EyPDurWa05QFUg01Wh2HeOHwWJxIOqoVTTXM3ZWPM1nY85ntZ8/RLAzygLz5Ugcfwiq4Yd/sFrF2qjsfH8Iqu674+gTAua4d3+Wie9zhR+i4NCaD9QKCz0ApS+voKLXn6Bcun6iu38fQKE1x9RQOFb36IgUM/WlLPWiJCc/UUp3WiMIZNLKJKHqM1LsqssfjCArIy5nUZ2URcJgBsxkxJndExJ1mtPFy9m1pjOrhqR+fqlsbuDwVbacqZBj63EcRWdHK+N2Zp/fz8U0gHdWGJvhUUWyBmEvG8NAkchqY+hWtiMUI4WtgoZtTXySWtsnMoNtyNR/I8iKy4p3xG2nfcbg+Y4ppAKLeZWAyLlIHaA3HdBGs98+VXZHCaOsO2jXeA4/kDVQLB7x8lDZYrLfG5nxCrTLQ2pSIJlQjW2TZGGt63roJ7hNel/SQRjvrzpxeIk/ymp3+0MDb+Gxn5sTQulwzNvp+VH6fGP+J9IZ6Q2Ny4W17k0AxbOA+n4Rf4fNxlKDc2rbbfhlHhmov1LD8TOvRMbhZG/wCqfZQb1+wfky+ZoHvw5Hw16qy1kw42odzLwI96pvEf9pHuntzcVoeiQW3bv4hhrl6pCOBOrH0Aq/8A0+H+/n7BUsc4uLWDz691UXO2+hnuo3/9SWgnimN1W72DicMjphjnR7qLq5EdYOAPANwB8KbO90dAnyHL8hZUjHPuQbBH6QbJF8Gw0LdSTaZtASfkzfdJ05GD30mVmdmduq7DT9m7kd15y8qxRhDKSpBmQQYIPOao2ONe62K0sI+FxGRgwjnv1HGnwzCNwcK90t7MwpXysqMG+K3cXKRrBVufeN/LSthwbI3TiqHeIriFGNvIxRokeOoIkHzBFIbQNae6InMMwV90cxZw9xcTp1YYWn36q4OYR4CfECmTME0Zi41Y8wq79dFr9qWbSm5h3greSM3AE/C/ODB8qzoXPc1sjd2n+R80hhIObwWI2bslrDO15cpy5RGsFt/mPzq+Axz87FZnmDmgAptuyWcCDvq4XAC0nMAFb9PsUEw2Hwg+c9a8yNF7K7uZJ8qwgM8jnHy/P2T8G02XrB3yAPl/apkgaG8PdX2WT/CgEjl71ROXl7qyAmlhy96E5eXupATc45e9dY5e6mkRb0AiBrTGygNLdNfNCWElLYuwwbTQzXRyBrg7T3XObYpPxN7OxeBrRTS9o8u090LG5RSjtVd1dWmBDY0p1Iwn4zDdWQJBJUNprE6x41M8QjIFrmOzC1HVSTA30tkbpHBjBZKPZSb9toWVYZVgyCIMn+Iq7isNM1rSWGg2jy1KAEa6oNUFK6uXJDULk0muDi02CiS377NGYzAgUeIxMk1Zztoua0DZBNV0aZUC0S3lro7bEPicQWbebdvh4sd48BXoG4SR5t5KxHYvhE1ShjMHbANrDpI+Zzn15Z5FWGYdoGp0SiJ3fEfRMu9KGRptqqbj2QF8eERy50Z7JoorhhC7coS9L7wJAaQQRGkbtCNfDf3UDpYs2yL9CKTP/VN3qyCFYSPiCndOkedEZIy3PXv+6n9GM2hQb+2cPcCh8Pa3GSq5Dv8A7pFDnw5NHijEEzfhcpe3jZt2Vt2BkB7RBJbUx8x1O6nBvZREeiTDmklzO1We2ZZJcVWwkRL7VzEPAapW3rV4XSzpcUCApOghRoQaViy50pcBpwpDhSzswAQt70c2gNpYXq2KjEWR2533F3LcH7jz8RSYcR2T7PFUcVh+xdmHwlUHS3ZTXVbFKIu2oF5Rp1iDQXv1hENy14GSxMWQhzNj7Kxg5/8ATd8vwserHn6ilBzuirxAV7sdhctvbPxKCy6iSOI8jr51p4OY1kcqOIbkcHj5qWQblrP81mFYA6lCdG8mMf4hTX21wPj9UnRrq4HUKTgdo3LaFBlKtBIcI+oBEjMNDqaZ2bXEE36/hJe0EraJjrl7A2bgW2bltihGRDKg9k7tABp5Vn9kyPFOaScpF7nfigkLe63z/ZV+3MS15+1EwACAFUwAPKdPWrWFYIm6Jd2jdFNl3OszEQu/vHOgx2IZkobqHG9Asj0l2i2KxNy+Cck5LcMAAi6L66nzrsNAY2Aa+oWgymtDVncc5mNfxClYkuutfUK3CBVqCxPP1FUjm5+oVgUhsTz9RQd46a+oRgBLfsuhyurKe5tD3ceYPpXPZIw06/UKQWkWF1i07nKisx7l1PoKhjZHmm36hccoFlNkgxXW8aa+oXEBSlOlWW3XH1CSd004dyhuBWyA5S0dkE6gE99V3B2/3CMEbKKwpLrTAmGlEFEmzGtQ1zmHM00VKcbzHQsSO4mmuxU7xlc8keaigOCQVXXFLUqF0TXAWuTbixQuFImm0KgRpDUFSmVyJX97Fsx37+VeidO5x048lmtiDQhG4fXlSi91a/RHQUzA7Oe78Inw0qyzDW23JEk4YaUv/YLGdV0G7MuvcKJ2Fj8Uv9VyTcT0cvqmaARqTBBgDfupbsLejXfJEzFsLqKsdt9HlFrCvbUAvAf0maN8AkeGtFUR6JMOKILsxVZ0nBDxIIAgRuoseTkCbgqoo3QzBm5eVJy5jGaJCjiY40OGd2cTnkXohxrhS2PSUJgrKi3imvGYNtwsGd5AG7wM0MMxeC+RgHNUo2CWSmilTbH2vhFvriFt9TcXUNa7Mg6FSp0YEb9Kl2Hilb3d+eie8TtblJsLXbZCXbYx+FMwTI49zIw7o9jSsPbHHDy9c1UHddR/hecdINihG6/DqWsPrCqWNlvmtNG4cVPEHkarS4d0TqI9vda8GIzinHvfVV2zsUbVxbixKEGI394PiJHnXM0P7I5GZ2lp4rTYgLauLdt9qzdWYO8o29G5jUeIrZY7tmWej4rMFkFp+IJ1/Zbrd6lAXOhUqshlOqv3AQR4a0DZmBlnT8oM1iz9VrsLhjYw9tJBdxdDFT2VGYEpO4md7ctNNaqZu0lLjsKr03/ZVpHh1VzQbWz+sIBnxBgHke7+Z7qe6bILCDNSl9J8X+h4XqVP22IBUQc2W3ud+Ug5fM91UYv+4mvgOXFWIGX3yvOcRlVeH4a1ngMb+ytMtzv3VFeaTP8AlrIeQTf/AOVptFBTbOyFZA5v2VJXMFO8cmjcY1H5VYbgswu//EflAZiDWUpcbsEW7a3P0mw2ZC4VSSwAMZSI0Y91AcJVkGq8WjXy12Rtms1RURL/AFzBbzHMTAumSVkz2hxXUnTX91La4TnK8a8CG9BHWT4dvBNvOcO5RJFxfiuA+eVY0y7tePKoe5kHdj34mvopA7QWdvBQZkyePKqehN/ZMRFufUUYPVIC1FF5suTMcszl4Tpw8h6VN6V9kNITUsgdBEEMillo6CJMIpZCkJKGlKUVK5OFcoKTNUXS6k2400LjaJopDoESaagqQmVFolrHOGsRmPWuPkV4UH+88H0APlXopMRBF8GrvPRZQbNJ/wDEeWqjLjOtYJktoCCFCfeiRLGSd0edLhxJleGPqjt5phi7NuYEnxtI6ZrbDivaGu8catTML4HNO7dd+uaFpyvB8VW6fRrFvq1aRsA32tsd9xBv72FMikLXtIPEcUL220+RXp20kIwVsAwUaO6RlIOvEcK3YTeId4Lz7D3ja832jcLP7VTxjnPkpbUDQ1i1fRPG4fDw+JuFFIgFVLMT3CN3iasYhxjgaPE8VQljdK8hgROkgGN1woBtrJJzB3aOJUfCOVC1naQ5S8a+H0UQnsHd8FZPEYa4nAiONIkgkj1AV5kjHcVddEukr4S4Q4LWXGW6neODAfeEn3FC7M8U7cbFLnw7ZG6bqVjtrNhb5uYS72X1IUmI3we6rsrszG5xarxQ9ozK8bK7wvSaxegX7Npo1+0VTJ8cpNA7Cg6scR15qq6GWP4SpO1TYvWOrsWlQqcwCGQJ36cPIV2HjfE/vHRJa54fmcUzZeGuKoQuxEwACYO8xz8PbjTZXs3A+aGRwJulpUwRNqyANPtD38QRE6ax/qJJzu1p7j5ddfWkonug+alRaw9psRfBRbfcTLH5VgjVid3qeNJfI57sjNbRwxGR1cF5vtPHviLrYi7ALaBQ2iKPhQeHfxMmtrDQCJlK4SPhbt5LNbUxUmB/1VUxU4Jyj6rQw8VCz9FXk/U1RzDpytJ+EVGdVfNlJg5DLeQjUzFFEGveGk/+S42Bom7QsdXce3r2WK6ypMbjBAI86GcNa8gbcLciYbaChYUFnVQJJYaA86CEEyDKPdEdASUmPQrccEQczaTwkx5VOJFSuscfFSzVopAB+ppFjpyKkob6muzDpxUUnBvqaLMOiopOzfU1FjoqKSGhNdFcmmlGuiiTaFSlFcoXVC5JXKU00BUphoUQQyaFGElQuU+fH0FXbPP2VdLbuEEMJkEEaDeNRUhxBvX2UEA6FXVxouB/leGHgwmPI6eRr0LXgkP4O6KpAd0t4hVGJt5GK8AdDG8cPasKZhjkLFcYczQUJbhUhtdCD6GaVZtHV6L0jpbfIQIDpmZvUkj99ekg+Av5Befhb31grby4nXWqTX5pK3Ww4U1WPSMx1VuIhMxjvY/wFT/U3ataFXwY0c7mqq2SplSwPeND7VnMLm6tsK2QDoVcYbpFfVQjxdUcLiyR4MCDVqPFSMNnVVX4SJxsaHkrGxj8DdP2lu5ZJG8RcSY38GieVWm4zNuOvkq7oJmfC61PsdGbd1c1m9bfWCFYEjiCVOvtTu2iuiKSDiZGaOCl2uil1GIKbucH0kabtedGMTFWhSnYqwr3AbCbTQc5/wD0p18xVWXFNF69fIhV3Sg6LQ4LY/GN47p9Zk+RJHIVQkxPXX4B5pQBdsl23trD4W0guHrLnay27faZiCJltQusTJnx0pMUcsrzkGiuDDAsbmNVawm1MXicWwu35VF/q7SjsIPPe3ex9hpW1hcMyHbUoZMSwDs41mdsY+OypPoKZisRkGVu6uYWC+8Vnncnv9BWRmefH0C1AAE0N4+1Tb+foEVK4wyfoyC+4m64+zQx2AfnPP8AcD3mVuMb2bM7tTwFBJd3zlG3FQV2gxGS6vWLwmA6fqPwH90yOVIbK5zqeCb5BNyAat064omJxotZrVhSsEqbjQXMEjTgPrTiXST9kMkTTfE0FDWZtXH5KNgZuMtlxmUnQnRl4kqeHhu/fQYZz5HhklkHiQNEb6aMwQ9p4jrHzBAvA5YgmTLRwmd3KkYqQvfoCK02CJjcoq1F1+oqt3ufoEWi7Xn7VHe5+gXaJQTzrrd0AopOmoObqlCQ0JtSkpZtcuqFKSa5QuqCpTTQlShtQFEEjRl45p8oqDVc0QQ6FEp+IQKdIynUb93d4jdV6eMRu02OoVdpJCHPh70rRErvCY0HDdWAuZXaSUDHIwGUBmEjtB93fWtg5biIvb73qqckdS5vH6qJirkZLqgSJU5lDDvEgyDpP4aDFuotlHlqmRi7YVH2lcV3ZkAAIXQLlE5QGgDQazVKZzS6wmxAtABWr6QYsuFI42rZ9VBPvXoWOLcOK4rJjYO0N+Kp9jJmuDs0vCavulYxRpm6H0ivh8TcIiAQo37lEfxrMxj80xvgm4VuWIeqggjl70gV1acnCOXvR6cvdQiJHL3ogB1aA2pNi2hOpA561ajaw8fqkvc4bLSbNvYhQBaxrKO7rHA9CYqycO0+B+SzpZQPij+i0OEv7RI//vtxzyE+60l2HjB1b7H8qk/GwN/0j6J2IwtxxGJ2iSvFQ5C/hBA9qlsbB8MaV/iMh0iiKYNu4PCWxbtFbmUkiUDQTvgkSJqSyzbu75EqBBjsQ636D5LN7V6ZXrmii0o/+q2f+pTS3SMZoy/U/la2G/pzGau1PXgqG7tm6f7H/l7H/jqsZncfutRsbRw9z+UI7Xu/7n/l7H/joe1PVo+zb4e5/Ka+1bhEHqvKxZU+otgipE3l6FdkHh7n8p20m60HEAzJi4pk5GPEf3GMx3GR3S2YiQZ9NNOKhgy93r+VBw9hrjZUGY9wB9T3DmaTEzM8VXoU0nKLKPtbCMjsxAyszEMNQZJjUfRp+Lw7mOMhAo8dfdDG4EUEbo/YzXgQQAoLEmRAgj86nANHa5hWnmhmNNrxVZdjMd289/fVKTLnO258U9Mjw96DTl7rkn1xqO7y91K6h7vL3XI+IKFjkELpAMk7tfejkyZu7VfNDrWqZQaKElDopS0OihIa5cuNQVKYaEqUxqAowhmhKJJUKVZ2zmU2jvmU7824r4H98Vr1nYYjvw58vn9VWOhzeqiA+PrVCymKZgQRB+VyU38YBHuRV/BFzXAnZ1t6+aVLRHMaqSgzB7fEiV/WXUesEf4qtvGdjmfMfL8pV5SHKDdtMpynfpx+8AR7EVluY4Oy9ap4IItXePaFVO4Aegr0k/cYGDgFmwi3FysuiyKGLsNEBfl2QTUx92IlJxRJcAso9wsSxmSSd/eZrzznFzi7xK1gAAAnKfH1qQT0VBTwfH1owT0UKcrePrUg9WhIRkfx9ac1x6KWQjB/H1pwefE+qWWpwunvP4qLtD4n1UZB4LjdPefWoMh8T6rsoQ2fx9aAvRgIFxvqarvKY0KOx+ppNpoTPrfXAnoolxPj612bq1yk7MugXVkwplXnUFTvBHEH+B4VZwriZQ29+aF4tqXaOKILWlhUBIy22lWjiW33PEnwipxMxDixh0HgaUsZpmO67ZWNysEZvs2MMDDAA7yBR4PFOa/Idj4kLpGWL4oePuZWa0kBAY7LAho4lh8X7uVDipwHGOP4eR381LBYBO6h+vrVLN5+oTF31vqCfP1C5IfrWhJ8/VSm+vrUWOipTlP1NRfVqCng1NoF1CSuXTUFckJqFKQmoJUhMJoFICaaEogh0JRJKhSv/9k=" alt="" width="300" height="168" /></p>
<p>Researchers have developed a method that allows large amounts of genetic information to be compressed and then decompressed again in cells. This could aid in the development of new therapies.&nbsp;&nbsp;What do you do if you have a large document or a high-resolution image that is too big to send via email? You simply zip it to a more manageable size using a suitable software. "Instead of sending the information white-white-white-white-white-... for every single pixel on a white line, only the message white 1,000 times is transmitted," explains Kobi Benenson, Head of the Synthetic Biology Group at ETHs Department of Biosystems Science and Engineering in Basel. Once received, the information can then be returned to its original size, i.e. unzipped.</p>
</body>
</html>', 0, '2008-08-08 11:11:11.6730000', '2020-08-08 11:11:11.6730000', 2, '00000000-0000-0000-0000-000000000000'),
	
	
	(3, 'Minor Sinus Infection Outbreak', '<!DOCTYPE html>
<html>
<head>
</head>
<body>
<p><img class="imgdisplay" style="display: block; margin-left: auto; margin-right: auto;" src="http://img.wennermedia.com/article-leads-horizontal/rs-168875-TWD_GP_309_0815_0409.jpg" alt="" width="700" height="394" /></p>
<h1 style="text-align: center;">Minor Sinus Infection Outbreak</h1>
<p>Please be aware of the latest outbreak which is a minor sinus infection.&nbsp; This infection can lead to decaying skin and a desire to each human brains.&nbsp; The unfortunate man in the picture above is Mike Honcho, and he seems to be the first case of this outbreak.&nbsp; There is no need for worry as he is seeking treatment at our 100% humane lab where we do not perform unethical tests on humans and animals.&nbsp; We hope you continue enjoying our products and remember that our business is life itself.&nbsp;</p>
<p>*Please see hashtags for symptoms.</p>
</body>
</html>', 1, '2008-08-08 11:11:11.6730000', '2020-08-08 11:11:11.6730000', 3, '00000000-0000-0000-0000-000000000000');
	SET IDENTITY_INSERT Posts OFF;

	SET IDENTITY_INSERT PostsTags ON;
	INSERT INTO PostsTags(PostTagId, PostId, TagId)
	VALUES (1, 1, 1),
	(2, 2, 2),
	(3, 3, 3);
	SET IDENTITY_INSERT PostsTags OFF;

END
GO